{"cameraMode":{"drawMode":0,"name":"Shaded","section":"Shading Mode"},"sceneLighting":true,"audioPlay":false,"sceneViewState":{"showFog":true,"showMaterialUpdate":false,"showSkybox":true,"showFlares":true,"showImageEffects":true,"showParticleSystems":true},"in2DMode":false,"pivot":{"x":0.11242114007472992,"y":0.04783882200717926,"z":-0.14832048118114472},"rotation":{"x":-0.11288949102163315,"y":0.2117307335138321,"z":-0.02469477988779545,"w":-0.9705496430397034},"size":0.00010824203491210938,"orthographic":false}