{"cameraMode":{"drawMode":0,"name":"Shaded","section":"Shading Mode"},"sceneLighting":false,"audioPlay":false,"sceneViewState":{"showFog":true,"showMaterialUpdate":false,"showSkybox":false,"showFlares":true,"showImageEffects":true,"showParticleSystems":true},"in2DMode":false,"pivot":{"x":122.9422607421875,"y":-15.269999504089356,"z":2.4999990463256838},"rotation":{"x":-0.1032610610127449,"y":0.18595434725284577,"z":-0.019655099138617517,"w":-0.9769205451011658},"size":127.55228424072266,"orthographic":false}